Workbook

Sheet 개발로그
A1: 번호 | B1: 날짜 | C1: 작업 내용 | D1: 상태 | E1: 비고
A2: 1 | B2: 2026-08-29 | C2: Initial commit: AI365 CARE DREAM 요양보호사 현장 대응 MVP (React+TS+Vite+Tailwind, 음성입력, AI 분석, 위험도 3단계, 통화기록, 사례초안) | D2: 완료 | E2: git 커밋 2건 기준 소급 기록
A3: 2 | B3: 2026-08-29 | C3: 개인정보 보호 Google Analytics 4 트래킹 추가 | D3: 완료
A4: 3 | B4: 2026-08-30 | C4: GitHub 저장소 연동 (kdh55401-max/ai365-care-dream, origin, master 브랜치 동기화) | D4: 완료
A5: =IF(C5="","",ROW()-1)
A6: =IF(C6="","",ROW()-1)
A7: =IF(C7="","",ROW()-1)
A8: =IF(C8="","",ROW()-1)
A9: =IF(C9="","",ROW()-1)
A10: =IF(C10="","",ROW()-1)
A11: =IF(C11="","",ROW()-1)
A12: =IF(C12="","",ROW()-1)
A13: =IF(C13="","",ROW()-1)
A14: =IF(C14="","",ROW()-1)
A15: =IF(C15="","",ROW()-1)
A16: =IF(C16="","",ROW()-1)
... A34: =IF(C34="","",ROW()-1)

Sheet 요약
A1: AI365 CARE DREAM 빌드 진행 요약
A3: 상태 | B3: 건수
A4: 완료 | B4: =COUNTIF(개발로그!D:D,"완료")
A5: 진행중 | B5: =COUNTIF(개발로그!D:D,"진행중")
A6: 예정 | B6: =COUNTIF(개발로그!D:D,"예정")
A7: 보류 | B7: =COUNTIF(개발로그!D:D,"보류")
A9: 총 작업 항목 | B9: =COUNTA(개발로그!C2:C34)
